r.zsyifaa,0
shabitanurch31,0
tatiazulp,0
00td4,0
lariybaby,0
neseekilic,0
gacha_editsfork,0
_rawann10_,0
honeysoymilktea,0
rarelykind,0
nsashleyx,0
ms_grayned,0
ilovefashion719,0
5star.iha,0
ranniiyyaa,0
kevon.365,0
hennbro1,0
inoka_ath,0
verra_uliani,0
rebeccasugar,0
danaterrace,0
baleen.sound,0
xoxomobxoxo,0
sthamtp,0
gwagwa._,0
hayeyashi,0
alayna.smith120,0
emilymeipierce,0
fakedgold,0
aw_yes,0
cat.finay,0
theicon5,0
anastatsia.bakes,0
elijah__self,0
ethand1117,0
zled.art,0
its_toast22,0
oatmilkpapi,0
tristiancook,0
not_them,0
ultralight_memories,0
katmontverde,0
ljosfarii,0
nutty_twitch,0
solielxeno,0
curtwilde,0
buntykumar8244,0
aimrhodora,0
macsadbh,0
kaitlynjb2006_,0
silambarasu,0
peyadele7,0
jeff_jitsu,0
dontcryoverspilling,0
lildrummerdude,0
_tiny_truly_,0
ynj_frdm76,0
minthuta_297,0
oscarandrade305,0
phia.henry,0
larionmusic,0
larissarocheforr,0
mel_ody42,0
omgdarbiomg,0
gaia_filia,0
astrereillia,0
miracleboymimimi,0
arthurocampo_,0
ningen_011,0
_maryamore,0
doncellalejis,0
bexil.jbell,0
emorie.m,0
jenna_segal,0
alanajonick,0
stagsmssoccer,0
nekomilkie,0
loverindatmc,0
ashley.laroc,0
trin.spadaro,0
alejo._fajardo,0
kim.thefoodie,0
grillospickles,0
kalanididit,0
beeladykim,0
lukxstn,0
claus_de_zwaan,0
stoccafisso_design,0
itschuzzy,0
richardromanashton,0
shivam10_7,0
jabonthegringo,0
brandongouveia,0
jasminepak,0
bridget__widget,0
fbuksauce,0
mattwener,0
azizo_ahmed_,1
sa.deg694,1
wwwww20142020,1
cdppdc6300,1
kornbredteev,1
bradynewton38,1
sazwan_95,1
tehteyre,1
mulia.budy,1
staiy55,1
namasayava,1
sallybiw,1
slyviaekgc,1
rachelf9tah4,1
adap5zv,1
dinsy99,1
setyanto2706,1
milfs.indian,1
hot_dilf__,1
hot_dilf_feet,1
bigd.ick4623,1
bigd.ick4629,1
lamaer508,1
haruy.r,1
antonellasofiamoreno,1
panfletaxd_dafne,1
hungredy_3,1
23.1osohee,1
krishnashyammishra28,1
likeeebutter,1
lyingisland,1
lover.feedzzz,1
ygsuave.tk,1
follow_tanveer.gilll,1
numbaa11,1
m.a.d.d.i.2005,1
big.nng,1
ch.ristian5363,1
acjaiajsksl,1
9062.sani,1
irah180605gmail.com8,1
nrmynti0824,1
johnjames13051990,1
acjaiajsksl,1
his.mayanti,1
aussy_bakkes,1
yoneiby0__0,1
sivha.sing,1
5julissa_300_juliana_vx,1
mindfulness.kite,1
syaripah_we,1
johnk939620,1
dinidinii40,1
marwotoarlan,1
jozsi0918273645,1
alexis_chose,1
action_ou_veriter_hot,1
ambreychaney_,1
neymarjunior2.0vibes,1
liza_lyz245,1
hofdefender,1
georgepeters969,1
onlyn351,1
nkheleuf,1
ilbalnugraha,1
ritvakorhonen2023,1
ayang_angga84,1
tushu_queen_its,1
peju.ang4080,1
chell6194,1
awanputra902gmail.com7,1
87benjohnson,1
jokersson7,1
slipsnfallslive,1
sirach51k51,1
schei_dflschiedsrichter,1
shell.o.kk26,1
callmebabe8889,1
yxgfdq,1
meejks,1
sfpfsr,1
bbukico,1
cppijazc,1
kcqaw2024,1
payxc2024,1
ewsfkrd,1
zqlijj,1
phoovow,1
itj38589,1
ckk16376,1
bsiszjm,1
edenjennings,1
aztqxf9y,1
lddrundidhlt,1
rohen.mustaf,1
piagemax__655,1
rebeccasugar2,1